date,colkas,sumkas,colbez,sumbez,colskid,sumskid,colkredit,sumkredit
2020-02-27,72.0,22867.0,24.0,7394.0,34.0,1951.8,0.0,0.0
2020-02-28,73.0,22088.0,32.0,8237.2,47.0,1394.9,0.0,0.0
2020-02-29,72.0,22214.0,23.0,7065.0,36.0,2569.3,0.0,0.0
2020-03-01,69.0,23544.0,15.0,4668.0,41.0,2855.0,0.0,0.0
2020-03-02,65.0,17528.0,25.0,8849.0,39.0,2635.7,0.0,0.0
2020-03-03,69.0,21446.0,24.0,7390.0,45.0,1974.15,0.0,0.0
2020-03-04,87.0,25538.0,28.0,7618.0,35.0,2456.4,0.0,0.0
2020-03-05,105.0,32061.0,35.0,11264.0,50.0,2589.5,0.0,0.0
2020-03-06,68.0,23377.0,30.0,10337.0,29.0,1522.2,0.0,0.0
2020-03-07,84.0,24842.0,26.0,7610.0,33.0,1616.2,0.0,0.0
2020-03-08,40.0,13909.0,15.0,5346.0,32.0,1625.5,0.0,0.0
2020-03-09,52.0,14340.0,24.0,7496.0,17.0,1231.6,0.0,0.0
2020-03-10,58.0,16207.0,16.0,5481.0,33.0,1256.3,0.0,0.0
2020-03-11,77.0,22361.0,21.0,6730.0,47.0,1971.1,0.0,0.0
2020-03-12,57.0,19574.0,22.0,6911.0,33.0,1878.3,0.0,0.0
2020-03-13,77.0,26840.0,24.0,8533.0,52.0,1672.8,0.0,0.0
2020-03-14,64.0,19329.0,32.0,7887.0,37.0,1368.4,0.0,0.0
2020-03-15,43.0,15355.0,23.0,6097.0,43.0,3345.2,0.0,0.0
2020-03-16,62.0,20571.0,29.0,8941.0,34.0,1891.3,0.0,0.0
2020-03-17,73.0,20141.0,33.0,7782.0,40.0,2023.3,0.0,0.0
2020-03-18,82.0,24722.0,31.0,9472.0,38.0,1481.2,0.0,0.0
2020-03-19,93.0,30091.0,25.0,7461.0,43.0,1072.3,0.0,0.0
2020-03-20,77.0,23126.0,45.0,11013.0,39.0,1362.8,0.0,0.0
2020-03-21,64.0,26074.0,23.0,8332.0,35.0,1260.6,0.0,0.0
2020-03-22,53.0,16739.0,21.0,7538.0,29.0,1413.1,0.0,0.0
2020-03-23,62.0,18086.0,33.0,14698.9,32.0,1906.3,0.0,0.0
2020-03-24,67.0,20232.0,30.0,10058.0,37.0,1450.9,0.0,0.0
2020-03-25,69.0,21700.0,24.0,8942.0,39.0,1439.4,0.0,0.0
2020-03-26,80.0,27235.0,21.0,6584.0,40.0,1367.3,0.0,0.0
2020-03-27,55.0,18911.0,20.0,6179.0,33.0,1218.1,0.0,0.0
2020-04-01,0.0,0.0,0.0,0.0,0.0,0.0,0.0,0.0
2020-04-02,0.0,0.0,0.0,0.0,0.0,0.0,0.0,0.0
2020-04-10,1.0,2.0,0.0,0.0,0.0,0.0,0.0,0.0
2020-04-11,45.0,11118.0,10.0,4052.0,4.0,54.0,0.0,0.0
2020-04-12,20.0,4551.0,10.0,2176.0,2.0,130.0,0.0,0.0
2020-04-13,44.0,11184.0,7.0,987.0,13.0,210.4,0.0,0.0
2020-04-14,41.0,8501.0,13.0,3248.0,5.0,2.0,0.0,0.0
2020-04-15,54.0,11899.0,12.0,3355.0,22.0,1224.5,0.0,0.0
2020-04-16,29.0,6648.0,17.0,3713.0,7.0,84.8,0.0,0.0
2020-04-17,33.0,7232.0,8.0,1996.0,10.0,6.2,0.0,0.0
2020-04-18,35.0,8930.0,11.0,2313.0,14.0,300.1,0.0,0.0
2020-04-19,20.0,4169.0,7.0,2578.0,3.0,2.1,0.0,0.0
2020-04-20,20.0,4235.0,10.0,1753.0,10.0,727.3,0.0,0.0
2020-04-21,29.0,5571.0,9.0,1772.0,0.0,0.0,0.0,0.0
2020-04-22,42.0,10424.0,17.0,4106.0,9.0,235.0,0.0,0.0
2020-04-23,38.0,9073.0,16.0,4011.0,12.0,653.6,0.0,0.0
2020-04-24,51.0,14687.0,23.0,6502.8,15.0,59.0,0.0,0.0
2020-04-25,47.0,14476.0,25.0,6898.2,14.0,368.0,0.0,0.0
2020-04-26,25.0,5101.0,14.0,3945.0,6.0,55.8,0.0,0.0
2020-04-27,29.0,8677.0,14.0,3456.0,13.0,92.1,0.0,0.0
2020-04-28,27.0,7341.0,11.0,3664.0,8.0,129.4,0.0,0.0
2020-04-29,35.0,7572.0,7.0,2160.9,8.0,306.9,0.0,0.0
2020-04-30,30.0,6251.0,11.0,2066.0,8.0,449.2,0.0,0.0
2020-05-01,32.0,22523.0,5.0,1222.0,8.0,628.1,0.0,0.0
2020-05-02,19.0,3078.0,8.0,3176.0,2.0,90.4,0.0,0.0
2020-05-03,20.0,5756.0,3.0,1019.2,9.0,432.0,0.0,0.0
2020-05-04,19.0,7077.0,9.0,2062.0,4.0,2.2,0.0,0.0
2020-05-05,72.0,18171.0,33.0,9741.2,25.0,1087.4,0.0,0.0
2020-05-07,59.0,17836.0,19.0,5449.0,19.0,451.4,0.0,0.0
2020-05-08,47.0,13074.0,19.0,6832.0,19.0,707.1,0.0,0.0
2020-05-09,17.0,6934.0,13.0,2491.0,5.0,607.0,0.0,0.0
2020-05-10,16.0,3576.0,11.0,2355.0,4.0,581.0,0.0,0.0
2020-05-11,36.0,14756.0,13.0,4038.0,15.0,917.7,0.0,0.0
2020-05-12,43.0,12642.0,7.0,1813.0,10.0,168.2,0.0,0.0
2020-05-13,34.0,11734.0,18.0,4533.0,10.0,723.4,0.0,0.0
2020-05-14,51.0,13163.0,10.0,2897.6,12.0,5.4,0.0,0.0
2020-05-15,41.0,12023.0,19.0,5611.0,11.0,562.7,0.0,0.0
2020-05-16,32.0,9226.0,17.0,4053.0,9.0,251.8,0.0,0.0
2020-05-17,23.0,6745.0,9.0,2023.2,13.0,1029.7,0.0,0.0
2020-05-18,37.0,9570.0,13.0,3669.8,18.0,1111.7,0.0,0.0
2020-05-19,62.0,18202.0,13.0,2774.7,17.0,671.4,0.0,0.0
2020-05-20,53.0,13710.0,16.0,3707.6,20.0,1072.0,0.0,0.0
2020-05-21,45.0,13860.0,13.0,3426.0,15.0,1386.1,0.0,0.0
2020-05-22,42.0,11887.0,17.0,5963.4,19.0,2437.5,0.0,0.0
2020-05-23,43.0,9471.0,12.0,2037.0,10.0,1092.9,0.0,0.0
2020-05-24,31.0,8873.0,7.0,1769.0,6.0,544.4,0.0,0.0
2020-05-25,35.0,11626.0,11.0,2740.8,15.0,503.3,0.0,0.0
2020-05-26,42.0,16932.0,13.0,2912.5,16.0,674.0,0.0,0.0
2020-05-27,49.0,12853.0,14.0,4258.3,18.0,989.1,0.0,0.0
2020-05-28,41.0,11539.0,12.0,2830.1,6.0,339.6,0.0,0.0
2020-05-29,35.0,10481.0,15.0,2994.9,9.0,537.0,0.0,0.0
2020-05-30,38.0,12198.0,15.0,3584.5,8.0,1127.0,0.0,0.0
2020-05-31,37.0,9084.0,13.0,2806.8,10.0,1052.7,0.0,0.0
2020-06-01,35.0,10140.0,11.0,4037.5,12.0,763.5,0.0,0.0
2020-06-02,43.0,11540.0,20.0,5756.2,7.0,636.4,0.0,0.0
2020-06-03,43.0,11477.0,20.0,7614.6,19.0,717.1,0.0,0.0
2020-06-04,48.0,14929.0,11.0,2957.9,23.0,882.7,2.0,457.5
2020-06-05,32.0,10379.0,19.0,5674.9,9.0,356.1,0.0,0.0
2020-06-06,32.0,11276.0,10.0,3570.7,12.0,940.8,0.0,0.0
2020-06-07,18.0,5674.0,10.0,2076.8,7.0,810.8,2.0,412.0
2020-06-08,30.0,10747.0,8.0,3078.6,15.0,799.0,2.0,372.0
2020-06-09,46.0,15538.0,8.0,2140.8,14.0,216.6,0.0,0.0
2020-06-10,41.0,12842.0,19.0,6790.8,18.0,275.2,0.0,0.0
2020-06-11,51.0,16202.0,17.0,5474.2,22.0,1223.4,0.0,0.0
2020-06-12,30.0,13377.0,14.0,3771.8,18.0,739.5,0.0,0.0
2020-06-13,44.0,17670.0,15.0,5400.7,16.0,554.1,1.0,124.0
2020-06-14,39.0,11224.0,11.0,2577.4,17.0,1002.6,1.0,551.4
2020-06-15,39.0,14313.0,15.0,3991.0,21.0,195.9,0.0,0.0
2020-06-16,59.0,21295.0,20.0,5662.8,33.0,718.6,2.0,328.0
2020-06-17,53.0,19129.0,17.0,4396.4,20.0,395.6,0.0,0.0
2020-06-18,41.0,22246.0,8.0,2135.0,12.0,318.0,0.0,0.0
2020-06-19,46.0,14984.0,7.0,1927.4,18.0,1068.4,2.0,248.0
2020-06-20,44.0,19681.0,11.0,3763.6,21.0,874.0,1.0,126.0
2020-06-21,49.0,19474.0,20.0,5071.8,19.0,685.6,2.0,408.8
2020-06-22,34.0,8845.0,17.0,6751.8,8.0,571.4,1.0,410.0
2020-06-23,58.0,20904.0,15.0,3901.0,18.0,765.3,6.0,1391.4
2020-06-24,50.0,17296.0,12.0,3720.4,18.0,782.9,1.0,391.0
2020-06-25,43.0,14674.0,11.0,2933.2,18.0,607.5,0.0,0.0
2020-06-26,57.0,18057.0,11.0,3683.9,23.0,249.0,1.0,52.0
2020-06-27,45.0,19466.0,13.0,5371.0,23.0,837.9,4.0,2537.0
2020-06-28,49.0,21784.0,25.0,9867.6,18.0,611.0,1.0,52.0
2020-06-29,62.0,18292.0,13.0,4092.6,27.0,265.7,0.0,0.0
2020-06-30,59.0,21121.0,15.0,6091.0,26.0,430.9,0.0,0.0
2020-07-01,81.0,26012.0,27.0,7401.7,36.0,854.1,1.0,4.0
2020-07-02,75.0,22377.0,30.0,9984.4,26.0,965.0,5.0,749.1
2020-07-03,103.0,33390.0,31.0,12714.9,33.0,1183.4,0.0,0.0
2020-07-04,99.0,37734.0,33.0,13443.5,40.0,1596.3,4.0,394.0
2020-07-05,105.0,31276.0,42.0,14741.0,48.0,1682.3,3.0,595.6
2020-07-06,93.0,30121.0,39.0,14341.9,41.0,1798.5,3.0,8555.6
2020-07-07,121.0,30986.0,28.0,9853.3,44.0,3732.9,2.0,566.8
2020-07-08,115.0,31655.0,38.0,19815.2,40.0,1613.4,3.0,244.0
2020-07-09,119.0,26980.0,49.0,17361.8,46.0,1767.3,5.0,567.6
2020-07-10,115.0,33036.0,38.0,17069.2,55.0,1633.4,2.0,238.0
2020-07-11,125.0,37746.0,49.0,22144.4,54.0,1689.2,0.0,0.0
2020-07-12,141.0,31596.0,71.0,23110.2,41.0,1456.1,4.0,506.0
2020-07-13,91.0,29271.0,54.0,22187.7,52.0,1706.9,3.0,467.2
2020-07-14,93.0,30501.0,46.0,18360.2,43.0,3040.5,0.0,0.0
2020-07-15,141.0,36268.0,42.0,13730.2,54.0,5054.9,6.0,1133.6
2020-07-16,132.0,34491.0,58.0,24312.9,51.0,2090.2,5.0,202.0
2020-07-17,103.0,29495.0,62.0,23436.0,43.0,1325.9,4.0,326.3
2020-07-18,101.0,27317.0,41.0,13741.4,43.0,2873.4,3.0,245.6
2020-07-19,125.0,34256.0,47.0,17313.5,44.0,2150.4,4.0,764.8
2020-07-20,123.0,30946.0,53.0,17625.7,47.0,2275.0,11.0,2035.0
2020-07-21,136.0,37257.0,55.0,17710.7,43.0,3783.1,6.0,622.2
2020-07-22,123.0,37169.0,49.0,15606.8,46.0,3347.0,5.0,1016.0
2020-07-23,100.0,30689.0,61.0,26193.3,38.0,2129.6,2.0,175.0
2020-07-24,111.0,33820.0,46.0,18100.2,53.0,1398.7,2.0,80.0
2020-07-25,119.0,35467.0,46.0,20663.0,65.0,4190.3,7.0,534.0
2020-07-26,115.0,32191.0,50.0,20085.7,51.0,2296.3,5.0,646.4
2020-07-27,131.0,44807.0,62.0,23288.5,56.0,1352.1,2.0,90.0
2020-07-28,139.0,37671.0,68.0,27049.8,48.0,3032.2,2.0,85.0
2020-07-29,135.0,36592.0,53.0,16246.2,55.0,3156.9,6.0,1082.0
2020-07-30,122.0,36652.0,68.0,26803.0,53.0,3606.7,2.0,100.0
2020-07-31,92.0,26364.0,59.0,25920.8,40.0,3212.9,3.0,130.0
2020-08-01,131.0,46980.0,58.0,23142.4,56.0,2919.4,8.0,1349.2
2020-08-02,117.0,34170.0,60.0,27514.2,46.0,4820.3,6.0,694.8
2020-08-03,87.0,26365.0,62.0,25641.0,40.0,1752.3,4.0,768.0
2020-08-04,123.0,41189.0,47.0,19616.0,69.0,4593.8,5.0,476.0
2020-08-05,129.0,39501.0,75.0,27890.9,61.0,3822.9,6.0,540.7
2020-08-06,114.0,35714.0,65.0,23384.7,55.0,2601.1,5.0,528.0
2020-08-07,105.0,38782.0,75.0,29257.8,54.0,2731.3,1.0,367.0
2020-08-08,97.0,35674.0,74.0,31772.5,53.0,3252.3,1.0,30.0
2020-08-09,91.0,27770.0,52.0,21058.3,51.0,1546.2,3.0,246.9
2020-08-10,94.0,28111.0,54.0,28146.2,47.0,2069.3,3.0,974.2
2020-08-11,116.0,39167.0,73.0,27590.4,51.0,4107.2,1.0,50.0
2020-08-12,148.0,50824.0,65.0,30980.9,71.0,5046.7,6.0,878.6
2020-08-13,117.0,38377.0,92.0,35277.5,63.0,2528.8,3.0,306.8
2020-08-14,109.0,37231.0,75.0,27520.9,57.0,1295.4,0.0,0.0
2020-08-15,114.0,32419.0,107.0,42421.2,41.0,3182.4,5.0,2376.0
2020-08-16,92.0,29924.0,57.0,25783.3,40.0,1328.5,2.0,379.2
2020-08-17,103.0,31720.0,63.0,28520.0,46.0,1821.6,2.0,80.0
2020-08-18,140.0,46177.0,69.0,27041.3,59.0,3230.3,2.0,2043.2
2020-08-19,135.0,55054.0,58.0,19652.2,68.0,2546.3,2.0,520.0
2020-08-20,151.0,41392.0,79.0,28231.9,61.0,3204.6,2.0,553.6
2020-08-21,136.0,45176.0,66.0,32235.0,46.0,1324.0,0.0,0.0
2020-08-22,102.0,35324.0,64.0,22463.0,52.0,3384.1,3.0,1192.8
2020-08-23,92.0,31406.0,65.0,26149.9,50.0,3641.3,0.0,0.0
2020-08-24,98.0,36500.0,54.0,22019.5,53.0,2076.8,4.0,464.4
2020-08-25,101.0,31261.0,50.0,19784.0,36.0,2751.8,3.0,1043.4
2020-08-26,125.0,44565.0,79.0,36726.7,57.0,3369.4,7.0,937.3
2020-08-27,118.0,43335.0,72.0,29519.8,48.0,1790.3,3.0,236.0
2020-08-28,79.0,27969.0,49.0,19720.1,35.0,1789.6,1.0,396.0
2020-08-29,133.0,47451.0,73.0,29182.1,58.0,3674.1,3.0,291.0
2020-08-30,124.0,43460.0,63.0,30228.6,51.0,1386.6,1.0,50.0
2020-08-31,87.0,24048.0,32.0,10194.6,39.0,2262.7,3.0,254.0
2020-09-01,100.0,36103.0,55.0,22837.9,51.0,3961.3,5.0,490.0
2020-09-02,87.0,29574.0,41.0,14433.2,44.0,3129.4,2.0,220.0
2020-09-03,96.0,30684.0,47.0,15806.1,49.0,1580.2,3.0,547.7
2020-09-04,79.0,31978.0,45.0,18349.6,52.0,2231.2,7.0,788.0
2020-09-05,99.0,39481.0,62.0,23232.9,58.0,2533.6,2.0,80.0
2020-09-06,97.0,33033.0,47.0,19802.4,47.0,2409.0,1.0,495.0
2020-09-07,93.0,32517.0,36.0,11434.3,51.0,1690.8,1.0,30.0
2020-09-08,129.0,42482.0,53.0,18317.3,56.0,3174.8,4.0,250.0
2020-09-09,118.0,38564.0,58.0,18941.0,51.0,4108.6,4.0,463.0
2020-09-10,126.0,37953.0,51.0,20997.6,45.0,1523.3,2.0,230.0
2020-09-11,133.0,45769.0,77.0,30673.7,63.0,1576.6,3.0,307.2
2020-09-12,108.0,40271.0,67.0,24998.9,56.0,2672.7,3.0,454.0
2020-09-13,76.0,25641.0,56.0,22538.5,36.0,1910.7,1.0,50.0
2020-09-14,84.0,31449.0,53.0,19383.1,49.0,1359.7,3.0,991.8
2020-09-15,127.0,41170.0,63.0,19232.8,49.0,3703.6,7.0,583.2
2020-09-16,89.0,27401.0,64.0,22433.5,50.0,2938.7,3.0,266.0
2020-09-17,101.0,37353.0,66.0,21693.3,50.0,2245.6,3.0,448.4
2020-09-18,109.0,32630.0,64.0,28274.7,56.0,1903.1,0.0,0.0
2020-09-19,121.0,41708.0,69.0,25529.0,58.0,1540.1,2.0,233.2
2020-09-20,92.0,29748.0,43.0,15677.0,44.0,2031.5,1.0,920.0
2020-09-21,111.0,32152.0,47.0,17793.9,50.0,1858.1,6.0,938.6
2020-09-22,119.0,35036.0,33.0,12414.3,66.0,2351.6,5.0,587.8
2020-09-23,150.0,50399.0,43.0,13853.1,80.0,1981.6,5.0,904.4
2020-09-24,93.0,35532.0,43.0,18132.35,57.0,1888.4,7.0,1034.0
2020-09-25,107.0,35641.0,58.0,20195.65,55.0,2246.25,4.0,559.2
2020-09-26,112.0,33469.0,48.0,17101.7,49.0,2152.7,1.0,20.0
2020-09-27,91.0,25778.0,35.0,10816.1,39.0,1830.8,2.0,1594.0
2020-09-28,70.0,22399.0,36.0,14419.6,37.0,1669.3,4.0,536.4
2020-09-29,105.0,33721.0,33.0,11000.4,55.0,2227.8,3.0,446.4
2020-09-30,110.0,33365.0,55.0,19436.7,52.0,1740.0,6.0,778.8
2020-10-01,102.0,29724.0,45.0,14080.6,38.0,1168.0,4.0,563.2
2020-10-02,97.0,33491.0,51.0,18589.7,46.0,1797.2,3.0,441.4
2020-10-03,79.0,29040.0,47.0,19226.1,52.0,1569.6,2.0,60.0
2020-10-04,61.0,23557.0,25.0,8356.05,37.0,1585.25,3.0,393.6
2020-10-05,87.0,27913.0,27.0,8301.1,40.0,947.45,9.0,1496.8
2020-10-06,93.0,34168.0,31.0,11407.8,36.0,1338.9,4.0,1336.2
2020-10-07,87.0,29287.0,40.0,11806.3,48.0,1512.3,5.0,651.4
2020-10-08,91.0,26390.0,29.0,11387.0,41.0,1655.4,6.0,1319.0
2020-10-09,66.0,21626.0,41.0,13271.0,33.0,1485.0,5.0,740.0
2020-10-10,76.0,25773.0,43.0,13633.6,39.0,1500.0,3.0,298.0
2020-10-11,55.0,20388.0,27.0,9871.1,29.0,1580.5,1.0,30.0
2020-10-12,79.0,24086.0,26.0,8323.9,37.0,1247.1,8.0,978.0
2020-10-13,102.0,30185.0,29.0,9532.3,44.0,1666.2,7.0,1307.2
2020-10-14,69.0,25419.0,32.0,10725.0,41.0,1470.1,5.0,1083.2
2020-10-15,59.0,20279.0,39.0,13450.4,31.0,1367.7,5.0,946.2
2020-10-16,79.0,25718.0,29.0,8511.7,42.0,1544.0,7.0,968.6
2020-10-17,48.0,19609.0,36.0,14442.0,33.0,1498.8,4.0,821.0
2020-10-18,58.0,20520.0,43.0,19780.5,29.0,1309.1,1.0,30.0
2020-10-19,84.0,25745.0,12.0,3315.8,47.0,1565.5,7.0,1309.8
2020-10-20,90.0,26445.0,41.0,12716.0,43.0,1277.9,3.0,520.0
2020-10-21,81.0,27447.0,36.0,13235.8,41.0,1337.9,0.0,0.0
2020-10-22,84.0,30871.0,29.0,8860.5,49.0,1923.8,0.0,0.0
2020-10-23,74.0,22613.0,38.0,11584.3,40.0,1519.6,3.0,170.0
2020-10-24,74.0,30182.0,41.0,12629.3,43.0,1169.0,2.0,107.0
2020-10-25,62.0,24520.0,20.0,6896.5,44.0,1472.1,2.0,131.0
2020-10-26,71.0,25282.0,32.0,10562.4,44.0,1999.5,1.0,90.0
2020-10-27,88.0,27268.0,39.0,13106.5,36.0,1547.8,2.0,100.0
2020-10-28,91.0,31147.0,38.0,14095.3,43.0,1119.2,4.0,1529.2
2020-10-29,94.0,31254.0,27.0,8755.3,39.0,1073.1,1.0,50.0
2020-10-30,92.0,34296.0,40.0,16478.7,41.0,1835.4,1.0,50.0
2020-10-31,66.0,22818.0,18.0,6943.6,44.0,1749.2,0.0,0.0
2020-11-01,57.0,18691.0,30.0,8906.4,31.0,1253.3,3.0,378.0
2020-11-02,47.0,14913.0,20.0,7329.2,32.0,895.0,3.0,828.0
2020-11-03,88.0,30479.0,27.0,8817.5,39.0,1593.5,1.0,2102.0
2020-11-04,71.0,24299.0,29.0,11912.9,32.0,1362.4,1.0,145.0
2020-11-05,67.0,22790.0,13.0,4388.9,30.0,772.3,1.0,50.0
2020-11-06,83.0,32033.0,30.0,9281.9,47.0,1304.2,1.0,50.0
2020-11-07,65.0,23332.0,33.0,11232.8,34.0,1465.6,0.0,0.0
2020-11-08,53.0,17391.0,19.0,7180.0,38.0,1056.8,3.0,1734.0
2020-11-09,65.0,22445.0,24.0,7005.7,41.0,1867.3,1.0,200.0
2020-11-10,89.0,32021.0,27.0,7538.0,47.0,1967.4,0.0,0.0
2020-11-11,67.0,23008.0,24.0,9881.8,44.0,1921.4,0.0,0.0
2020-11-12,64.0,17903.0,39.0,12953.7,36.0,1555.8,3.0,294.0
2020-11-13,73.0,23410.0,37.0,10445.2,36.0,1391.2,4.0,828.6
2020-11-14,63.0,22722.0,38.0,13673.2,32.0,1036.3,5.0,1435.7
2020-11-15,43.0,19589.0,20.0,5452.1,33.0,1777.8,1.0,890.1
2020-11-16,46.0,14471.0,20.0,6851.5,27.0,1613.0,0.0,0.0
2020-11-17,60.0,21580.0,26.0,9198.7,34.0,1608.6,0.0,0.0
2020-11-18,73.0,22377.0,32.0,11709.7,43.0,1255.8,0.0,0.0
2020-11-19,69.0,21213.0,29.0,10068.2,38.0,1524.0,0.0,0.0
2020-11-20,39.0,18868.0,32.0,10120.2,24.0,1743.5,0.0,0.0
2020-11-21,54.0,15033.0,15.0,6045.7,30.0,1652.1,1.0,178.4
2020-11-22,33.0,11251.0,15.0,4778.4,24.0,1461.9,0.0,0.0
2020-11-23,42.0,14678.0,21.0,6101.3,26.0,1594.2,0.0,0.0
2020-11-24,71.0,19969.0,27.0,9448.4,34.0,1529.4,1.0,189.2
2020-11-25,95.0,27953.0,37.0,11700.8,44.0,1266.7,0.0,0.0
2020-11-26,57.0,16627.0,30.0,10752.5,27.0,1019.5,1.0,30.0
2020-11-27,64.0,23864.0,38.0,12798.8,28.0,805.4,2.0,255.0
2020-11-28,64.0,22513.0,31.0,10324.2,31.0,1395.4,1.0,234.0
2020-11-29,55.0,19618.0,29.0,7511.9,29.0,1530.7,3.0,658.8
2020-11-30,52.0,15761.0,16.0,5513.4,29.0,1441.8,0.0,0.0
2020-12-01,66.0,26356.0,29.0,9804.8,36.0,2036.1,0.0,0.0
2020-12-02,80.0,25810.0,32.0,12282.5,43.0,1751.5,2.0,99.0
2020-12-03,57.0,21084.0,30.0,9862.5,34.0,1237.0,3.0,134.0
2020-12-04,71.0,27010.0,27.0,11459.0,36.0,687.5,1.0,50.0
2020-12-05,61.0,23022.0,25.0,11312.2,37.0,1396.3,1.0,52.0
2020-12-06,61.0,18042.0,36.0,13984.6,31.0,1727.1,5.0,1373.6
2020-12-07,75.0,24105.0,19.0,6034.8,35.0,1259.2,1.0,0.0
2020-12-08,55.0,18302.0,29.0,9327.3,25.0,906.1,0.0,0.0
2020-12-09,75.0,24047.0,31.0,11583.5,26.0,1776.8,0.0,0.0
2020-12-10,55.0,18418.0,37.0,15178.5,33.0,1759.3,3.0,294.0
2020-12-11,59.0,17001.0,22.0,8163.6,33.0,1344.2,2.0,392.7
2020-12-12,59.0,22535.0,20.0,8282.4,29.0,1299.3,1.0,687.2
2020-12-13,35.0,13514.0,43.0,13922.6,25.0,1633.6,1.0,290.0
2020-12-14,50.0,16398.0,16.0,5941.8,27.0,1057.9,0.0,0.0
2020-12-15,61.0,19722.0,35.0,9903.7,30.0,1887.6,1.0,720.0
2020-12-16,75.0,24268.0,34.0,10200.5,37.0,1199.4,1.0,200.0
2020-12-17,79.0,28260.0,29.0,7811.7,38.0,1293.1,0.0,0.0
2020-12-18,70.0,21321.0,43.0,14886.8,33.0,1143.7,1.0,30.0
2020-12-19,82.0,26826.0,41.0,10408.75,45.0,1635.6,1.0,222.0
2020-12-20,54.0,19831.0,28.0,11091.1,28.0,1432.7,0.0,0.0
2020-12-21,70.0,25356.0,26.0,8161.4,40.0,840.3,1.0,50.0
2020-12-22,55.0,20648.0,25.0,9593.8,31.0,1536.6,2.0,180.0
2020-12-23,79.0,31610.0,38.0,13095.0,32.0,1187.6,1.0,190.0
2020-12-24,87.0,28252.0,30.0,10915.7,40.0,1879.8,3.0,851.0
2020-12-25,73.0,24035.0,48.0,16930.8,37.0,1598.6,1.0,35.0
2020-12-26,68.0,21587.0,24.0,6530.8,36.0,1479.9,2.0,280.0
2020-12-27,53.0,19512.0,11.0,5140.0,30.0,1596.6,1.0,8.0
2020-12-28,58.0,15816.0,20.0,6228.9,27.0,1925.1,1.0,50.0
2020-12-29,64.0,18671.0,18.0,5325.7,33.0,1133.6,0.0,0.0
2020-12-30,23.0,6424.0,20.0,5434.3,22.0,1698.0,0.0,0.0
2021-01-03,51.0,15294.0,35.0,12280.0,18.0,1110.3,0.0,0.0
2021-01-04,76.0,22780.0,35.0,13163.8,24.0,1116.4,0.0,0.0
2021-01-05,54.0,16375.0,18.0,6602.7,27.0,1143.1,0.0,0.0
2021-01-06,28.0,8121.0,12.0,4649.4,14.0,3211.3,2.0,1145.6
2021-01-08,54.0,17946.0,27.0,14058.5,26.0,1079.3,0.0,0.0
2021-01-09,51.0,18151.0,33.0,14379.1,29.0,2211.7,0.0,0.0
2021-01-10,37.0,15045.0,13.0,4745.8,21.0,1365.6,0.0,0.0
2021-01-11,55.0,15966.0,13.0,5358.3,31.0,2265.16,0.0,0.0
2021-01-12,57.0,17938.0,14.0,3948.6,33.0,1908.47,0.0,0.0
2021-01-13,55.0,21834.0,29.0,11854.55,29.0,1297.4,0.0,0.0
2021-01-14,98.0,38968.0,14.0,4653.3,36.0,556.0,0.0,0.0
2021-01-15,71.0,27124.0,34.0,11553.5,31.0,1727.1,0.0,0.0
2021-01-16,69.0,27088.0,16.0,5297.3,29.0,1626.8,0.0,0.0
2021-01-17,50.0,16359.0,24.0,7604.3,26.0,1462.8,0.0,0.0
2021-01-18,59.0,19115.0,19.0,9200.9,23.0,1131.75,0.0,0.0
2021-01-19,63.0,21410.0,25.0,7807.5,24.0,1479.1,0.0,0.0
2021-01-20,77.0,26327.0,26.0,7937.8,36.0,3770.5,0.0,0.0
2021-01-21,87.0,28649.0,40.0,14896.8,37.0,2486.8,0.0,0.0
2021-01-22,71.0,27700.0,39.0,15197.9,43.0,1630.1,0.0,0.0
2021-01-23,72.0,28827.0,26.0,9897.5,43.0,3001.8,0.0,0.0
2021-01-24,54.0,19476.0,17.0,6438.25,35.0,2124.85,0.0,0.0
2021-01-25,82.0,28957.0,25.0,10804.3,38.0,1682.25,0.0,0.0
2021-01-26,72.0,24117.0,23.0,8102.4,37.0,1764.7,0.0,0.0
2021-01-27,73.0,24418.0,28.0,10296.7,37.0,1486.1,0.0,0.0
2021-01-28,50.0,22807.0,26.0,9785.1,28.0,1158.85,0.0,0.0
2021-01-29,61.0,24976.0,34.0,13150.5,34.0,1231.35,0.0,0.0
2021-01-30,65.0,24911.0,34.0,13115.2,34.0,1955.9,0.0,0.0
2021-01-31,62.0,23386.0,16.0,5637.4,31.0,1023.5,0.0,0.0
2021-02-01,60.0,22238.0,24.0,9820.9,36.0,2877.6,0.0,0.0
2021-02-02,61.0,24348.0,13.0,4005.0,33.0,1179.4,0.0,0.0
2021-02-03,58.0,20225.0,35.0,13363.1,30.0,4922.7,0.0,0.0
2021-02-04,76.0,29416.0,25.0,9769.5,50.0,2154.5,0.0,0.0
2021-02-05,68.0,25854.0,29.0,11391.3,32.0,1955.2,0.0,0.0
2021-02-06,56.0,23763.0,21.0,8561.1,37.0,1740.0,0.0,0.0
2021-02-07,57.0,19194.0,23.0,6018.1,32.0,1649.4,0.0,0.0
2021-02-08,82.0,29212.0,27.0,7452.0,47.0,2174.7,0.0,0.0
2021-02-09,62.0,22426.0,35.0,13469.0,37.0,2222.0,0.0,0.0
2021-02-10,52.0,17926.0,29.0,10315.1,33.0,1677.1,0.0,0.0
2021-02-11,81.0,27316.0,23.0,9431.4,40.0,1634.6,0.0,0.0
2021-02-12,73.0,21270.0,35.0,12659.8,34.0,2309.4,0.0,0.0
2021-02-13,60.0,20193.0,30.0,8614.4,32.0,2182.6,0.0,0.0
2021-02-14,58.0,18897.0,16.0,8630.6,37.0,2076.3,0.0,0.0
2021-02-15,55.0,20137.0,24.0,9788.2,34.0,1547.7,0.0,0.0
2021-02-16,45.0,12206.0,26.0,11034.6,22.0,2102.6,0.0,0.0
2021-02-17,59.0,17937.0,26.0,9251.0,33.0,1963.9,0.0,0.0
2021-02-18,85.0,31235.0,32.0,12361.1,47.0,2054.6,0.0,0.0
2021-02-19,52.0,18165.0,25.0,10953.8,39.0,2331.7,0.0,0.0
2021-02-20,75.0,28511.0,34.0,11397.4,41.0,1809.1,0.0,0.0
2021-02-21,64.0,26321.0,12.0,4913.9,36.0,1530.7,0.0,0.0
2021-02-22,42.0,16632.0,32.0,12862.6,29.0,1594.4,0.0,0.0
2021-02-23,52.0,24349.0,18.0,6559.4,29.0,5628.9,0.0,0.0
2021-02-24,64.0,20930.0,30.0,10055.1,25.0,1867.8,0.0,0.0
2021-02-25,72.0,28593.0,33.0,11128.4,33.0,1611.1,0.0,0.0
2021-02-26,80.0,31458.0,31.0,10878.4,43.0,1777.75,0.0,0.0
2021-02-27,62.0,21445.0,23.0,6799.4,26.0,1512.8,0.0,0.0
2021-02-28,65.0,22052.0,36.0,9839.1,30.0,2098.4,0.0,0.0
2021-03-01,76.0,24879.0,19.0,7318.2,36.0,1395.4,0.0,0.0
2021-03-02,87.0,31467.0,26.0,9774.5,47.0,2019.8,0.0,0.0
2021-03-03,85.0,30696.0,43.0,15399.0,34.0,1112.3,0.0,0.0
2021-03-04,79.0,27830.0,41.0,14992.8,32.0,1479.3,0.0,0.0
2021-03-05,64.0,23562.0,44.0,16837.4,38.0,1978.7,0.0,0.0
2021-03-06,73.0,26836.0,51.0,17386.1,35.0,1159.6,0.0,0.0
2021-03-07,61.0,21134.0,24.0,9976.3,29.0,1681.8,0.0,0.0
2021-03-08,61.0,20309.0,2.0,242.0,23.0,3266.8,0.0,0.0
2021-03-09,31.0,9045.0,19.0,5439.3,21.0,1846.1,0.0,0.0
2021-03-10,74.0,26844.0,30.0,10665.4,41.0,1615.7,0.0,0.0
2021-03-11,75.0,22910.0,33.0,10362.9,34.0,1453.4,0.0,0.0
2021-03-12,63.0,20639.0,30.0,9862.4,33.0,1388.9,0.0,0.0
2021-03-13,36.0,14101.0,30.0,10903.5,34.0,2045.05,0.0,0.0
2021-03-14,33.0,9792.0,37.0,15556.5,20.0,1585.25,0.0,0.0
2021-03-15,52.0,14916.0,32.0,10649.2,23.0,1789.1,0.0,0.0
2021-03-16,55.0,19493.0,24.0,9232.2,29.0,1916.85,0.0,0.0
2021-03-17,61.0,21058.0,23.0,9588.05,32.0,1492.15,0.0,0.0
2021-03-18,68.0,24325.0,28.0,15214.1,34.0,1780.65,0.0,0.0
2021-03-19,74.0,24658.0,29.0,11084.9,36.0,2401.1,0.0,0.0
2021-03-20,55.0,19351.0,29.0,10746.5,31.0,1650.3,0.0,0.0
2021-03-21,53.0,21534.0,35.0,13587.5,35.0,1903.8,0.0,0.0
2021-03-22,70.0,26958.0,25.0,8547.1,42.0,1595.15,0.0,0.0
2021-03-23,65.0,21238.0,37.0,12007.4,28.0,1749.3,0.0,0.0
2021-03-24,57.0,17412.0,25.0,8421.2,30.0,1920.95,0.0,0.0
2021-03-25,63.0,21645.0,32.0,12366.1,28.0,1601.65,0.0,0.0
2021-03-26,44.0,18415.0,38.0,14817.2,34.0,1724.65,0.0,0.0
2021-03-27,65.0,23276.0,23.0,8214.2,31.0,1710.7,0.0,0.0
2021-03-28,26.0,8577.0,23.0,7606.5,20.0,2585.0,0.0,0.0
2021-03-29,36.0,13544.0,27.0,10018.1,20.0,1109.3,0.0,0.0
2021-03-30,45.0,12897.0,20.0,8668.1,25.0,1715.5,0.0,0.0
2021-03-31,63.0,20904.0,33.0,12270.0,31.0,1683.1,0.0,0.0
2021-04-01,68.0,23820.0,25.0,7904.45,26.0,1624.95,0.0,0.0
2021-04-02,52.0,21015.0,20.0,7902.9,26.0,1668.15,0.0,0.0
2021-04-03,60.0,21620.0,19.0,7701.3,33.0,1919.2,0.0,0.0
2021-04-04,33.0,12189.0,19.0,6495.3,25.0,1644.15,0.0,0.0
2021-04-05,37.0,12992.0,19.0,7057.3,20.0,1712.6,0.0,0.0
2021-04-06,63.0,26897.0,20.0,5401.8,28.0,1794.15,0.0,0.0
2021-04-07,48.0,19018.0,28.0,11802.9,23.0,1523.25,0.0,0.0
2021-04-08,52.0,17350.0,17.0,6078.8,35.0,1855.4,0.0,0.0
2021-04-09,52.0,16790.0,36.0,11533.8,30.0,2128.6,0.0,0.0
2021-04-10,35.0,14973.0,28.0,10220.65,26.0,6816.85,0.0,0.0
2021-04-11,35.0,16556.0,23.0,11304.15,24.0,1497.9,0.0,0.0
2021-04-12,47.0,15046.0,23.0,8179.2,29.0,1691.9,0.0,0.0
2021-04-13,56.0,22166.0,41.0,13220.65,25.0,2099.1,0.0,0.0
2021-04-14,62.0,19412.0,27.0,10383.3,31.0,2225.75,0.0,0.0
2021-04-15,54.0,20380.0,40.0,13641.4,36.0,1828.2,0.0,0.0
2021-04-16,49.0,20955.0,20.0,7604.1,26.0,1955.05,0.0,0.0
2021-04-17,41.0,17394.0,20.0,9367.4,32.0,1510.75,0.0,0.0
2021-04-18,44.0,15585.0,17.0,7446.8,19.0,979.25,0.0,0.0
2021-04-19,56.0,25549.0,17.0,5391.9,29.0,1569.1,0.0,0.0
2021-04-20,60.0,24118.0,24.0,8107.6,37.0,1839.2,0.0,0.0
2021-04-21,69.0,19673.0,32.0,10458.2,27.0,1354.7,0.0,0.0
2021-04-22,62.0,23040.0,19.0,7179.05,36.0,1850.15,0.0,0.0
2021-04-23,51.0,20260.0,36.0,14222.15,29.0,1844.2,0.0,0.0
2021-04-24,51.0,19913.0,28.0,12780.9,26.0,1745.8,1.0,120.0
2021-04-25,63.0,25206.0,25.0,8459.25,30.0,1545.85,0.0,0.0
2021-04-26,49.0,22011.0,30.0,11477.3,28.0,2845.4,0.0,0.0
2021-04-27,70.0,27019.0,34.0,10551.5,38.0,2340.2,0.0,0.0
2021-04-28,77.0,26394.0,48.0,18690.1,30.0,1735.6,1.0,50.0
2021-04-29,71.0,26520.0,29.0,10534.0,29.0,1553.2,0.0,0.0
2021-04-30,67.0,30545.0,29.0,9660.3,36.0,2079.5,0.0,0.0
2021-05-01,44.0,24679.0,23.0,14216.2,30.0,2099.4,0.0,0.0
2021-05-02,56.0,21575.0,44.0,24778.4,41.0,3937.33,0.0,0.0
2021-05-03,48.0,19052.0,49.0,17363.35,28.0,1161.92,0.0,0.0
2021-05-04,59.0,22118.0,28.0,15462.6,29.0,1813.3,0.0,0.0
2021-05-05,64.0,27253.0,38.0,13698.0,41.0,2507.0,0.0,0.0
2021-05-06,62.0,23327.0,40.0,13734.2,33.0,1610.5,0.0,0.0
2021-05-07,69.0,25753.0,51.0,17366.4,24.0,789.75,0.0,0.0
2021-05-08,62.0,26180.0,58.0,28156.25,32.0,1635.2,0.0,0.0
2021-05-09,65.0,24859.0,61.0,26508.9,37.0,1678.8,1.0,80.0
2021-05-10,58.0,22494.0,33.0,14990.3,35.0,1488.4,0.0,0.0
2021-05-11,56.0,21497.0,37.0,12299.65,19.0,1923.0,0.0,0.0
2021-05-12,42.0,15604.0,41.0,13753.25,17.0,1403.75,0.0,0.0
2021-05-13,53.0,19888.0,32.0,10350.7,33.0,2383.75,0.0,0.0
2021-05-14,85.0,33805.0,39.0,12041.7,52.0,1861.4,0.0,0.0
2021-05-15,73.0,23913.0,27.0,10616.4,31.0,1740.6,0.0,0.0
2021-05-16,74.0,26277.0,21.0,9909.9,43.0,1453.25,0.0,0.0
2021-05-17,95.0,31374.0,26.0,8809.7,43.0,3629.4,0.0,0.0
2021-05-18,99.0,29124.0,27.0,10425.8,45.0,1679.4,1.0,477.2
2021-05-19,94.0,33490.0,40.0,12301.0,37.0,1943.0,0.0,0.0
2021-05-20,63.0,24720.0,40.0,18870.4,26.0,1516.8,0.0,0.0
2021-05-21,62.0,38826.0,47.0,19055.4,34.0,2290.8,0.0,0.0
2021-05-22,73.0,27724.0,33.0,12108.2,38.0,1699.5,0.0,0.0
2021-05-23,55.0,18996.0,25.0,8769.1,24.0,1825.5,0.0,0.0
2021-05-24,61.0,22410.0,29.0,12272.6,38.0,1710.0,0.0,0.0
2021-05-25,59.0,23481.0,32.0,12067.3,30.0,1101.45,0.0,0.0
2021-05-26,65.0,22232.0,36.0,10720.9,39.0,1382.4,1.0,50.0
2021-05-27,68.0,24192.0,28.0,12931.45,37.0,1358.8,0.0,0.0
2021-05-28,67.0,29630.0,44.0,17950.45,38.0,1394.1,0.0,0.0
2021-05-29,67.0,23225.0,36.0,15574.5,33.0,2442.5,0.0,0.0
2021-05-30,72.0,25226.0,34.0,12489.3,36.0,3148.3,0.0,0.0
2021-05-31,41.0,16614.0,28.0,8981.45,31.0,1616.75,0.0,0.0
2021-06-01,70.0,26783.0,39.0,13895.0,29.0,2303.5,1.0,300.0
2021-06-02,60.0,25986.0,41.0,17850.05,37.0,1914.6,0.0,0.0
2021-06-03,76.0,29541.0,39.0,16236.0,47.0,1819.15,0.0,0.0
2021-06-04,67.0,27770.0,26.0,10103.0,39.0,2765.85,0.0,0.0
2021-06-05,50.0,19190.0,32.0,12423.7,31.0,3612.3,0.0,0.0
2021-06-06,51.0,23318.0,28.0,14425.7,28.0,2437.65,0.0,0.0
2021-06-07,70.0,24302.0,35.0,13937.1,27.0,1527.9,0.0,0.0
2021-06-08,58.0,20588.0,41.0,19194.25,32.0,2246.9,0.0,0.0
2021-06-09,63.0,27417.0,34.0,15532.5,39.0,1992.1,0.0,0.0
2021-06-10,57.0,23175.0,39.0,17707.9,38.0,1843.6,0.0,0.0
2021-06-11,110.0,38962.0,48.0,20332.15,56.0,1840.25,0.0,0.0
2021-06-12,82.0,30640.0,44.0,23001.6,44.0,2137.9,0.0,0.0
2021-06-13,85.0,33832.0,46.0,23232.1,43.0,2389.1,0.0,0.0
2021-06-14,83.0,35316.0,73.0,32530.3,48.0,4396.0,0.0,0.0
2021-06-15,84.0,27893.0,40.0,18962.8,37.0,1417.9,0.0,0.0
2021-06-16,99.0,36329.0,49.0,19419.3,47.0,4583.5,0.0,0.0
2021-06-17,71.0,25774.0,60.0,25273.0,35.0,2069.4,0.0,0.0
2021-06-18,68.0,28258.0,38.0,16019.4,39.0,1443.4,2.0,260.0
2021-06-19,75.0,28800.0,61.0,31982.0,42.0,3744.5,0.0,0.0
2021-06-20,62.0,27070.0,39.0,18600.45,38.0,1806.85,0.0,0.0
2021-06-21,69.0,28369.0,51.0,20563.95,42.0,2441.5,0.0,0.0
2021-06-22,82.0,33682.0,51.0,18832.8,51.0,4325.5,0.0,0.0
2021-06-23,86.0,33307.0,67.0,22204.7,47.0,3592.5,2.0,504.5
2021-06-24,128.0,42773.0,77.0,29298.45,61.0,1563.3,0.0,0.0
2021-06-25,87.0,38582.0,58.0,26326.85,51.0,2191.45,0.0,0.0
2021-06-26,61.0,30692.0,67.0,31187.0,34.0,2568.75,0.0,0.0
2021-06-27,73.0,28651.0,52.0,22973.3,31.0,1654.5,0.0,0.0
2021-06-28,94.0,31307.0,58.0,25570.4,60.0,2373.7,0.0,0.0
2021-06-29,110.0,44290.0,45.0,17291.3,55.0,2733.1,0.0,0.0
2021-06-30,112.0,42411.0,50.0,21319.2,53.0,4379.15,0.0,0.0
2021-07-01,115.0,43882.0,58.0,25644.0,61.0,2932.8,0.0,0.0
2021-07-02,115.0,51917.0,62.0,25442.95,55.0,2569.6,0.0,0.0
2021-07-03,93.0,38246.0,47.0,19519.8,53.0,5574.0,0.0,0.0
2021-07-04,92.0,35475.0,63.0,32727.9,43.0,1749.6,0.0,0.0
2021-07-05,95.0,31464.0,64.0,27986.5,48.0,2164.4,0.0,0.0
2021-07-06,90.0,33232.0,63.0,26759.3,50.0,3656.9,1.0,373.8
2021-07-07,100.0,47824.0,69.0,29775.6,66.0,4786.2,0.0,0.0
2021-07-08,71.0,27999.0,45.0,23857.2,37.0,2022.3,0.0,0.0
2021-07-09,96.0,37495.0,56.0,24309.0,50.0,1569.9,0.0,0.0
2021-07-10,90.0,31257.0,77.0,29648.6,42.0,11544.8,0.0,0.0
2021-07-11,79.0,31328.0,62.0,27781.8,42.0,2184.1,0.0,0.0
2021-07-12,74.0,31774.0,67.0,31343.4,40.0,2526.5,0.0,0.0
2021-07-13,113.0,38326.0,80.0,28040.0,63.0,3899.5,1.0,537.2
2021-07-14,128.0,45424.0,89.0,36271.1,61.0,4002.9,0.0,0.0
2021-07-15,73.0,30911.0,61.0,25783.8,38.0,2237.6,0.0,0.0
2021-07-16,97.0,41215.0,79.0,38241.8,56.0,2238.1,0.0,0.0
2021-07-17,107.0,36691.0,98.0,43554.7,58.0,3969.9,0.0,0.0
2021-07-18,102.0,41194.0,77.0,32675.0,44.0,1179.2,3.0,748.0
2021-07-19,107.0,49182.0,65.0,34204.4,51.0,1752.8,1.0,50.0
2021-07-20,96.0,42000.0,84.0,33234.2,58.0,4226.8,0.0,0.0
2021-07-21,125.0,44664.0,80.0,37879.2,53.0,2791.4,0.0,0.0
2021-07-22,89.0,32399.0,103.0,44215.6,41.0,1709.7,0.0,0.0
2021-07-23,123.0,47577.0,86.0,42522.1,50.0,2613.8,0.0,0.0
2021-07-24,116.0,49687.0,91.0,41061.1,54.0,5098.1,0.0,0.0
2021-07-25,103.0,41752.0,70.0,30289.0,49.0,2018.9,0.0,0.0
2021-07-26,110.0,42417.0,84.0,32268.0,53.0,1792.6,0.0,0.0
2021-07-27,125.0,54754.0,79.0,37151.0,59.0,4867.9,0.0,0.0
2021-07-28,114.0,50550.0,83.0,34367.0,58.0,3426.8,1.0,50.0
2021-07-29,105.0,39836.0,91.0,40393.6,53.0,2001.3,0.0,0.0
2021-07-30,131.0,51194.0,115.0,57601.3,60.0,1884.8,0.0,0.0
2021-07-31,123.0,46554.0,88.0,41607.9,53.0,3243.0,0.0,0.0
2021-08-01,100.0,41756.0,63.0,32581.5,56.0,3091.2,0.0,0.0
2021-08-02,130.0,45452.0,100.0,42064.1,53.0,1272.4,1.0,35.0
2021-08-03,123.0,56154.0,53.0,25032.8,53.0,4289.7,0.0,0.0
2021-08-04,109.0,41460.0,79.0,40414.2,55.0,3561.0,2.0,730.1
2021-08-05,114.0,46486.0,101.0,45831.1,62.0,3718.5,0.0,0.0
2021-08-06,122.0,47529.0,84.0,39542.5,49.0,1211.7,0.0,0.0
2021-08-07,145.0,51969.0,114.0,47350.3,64.0,4505.2,0.0,0.0
2021-08-08,121.0,53612.0,73.0,40203.7,63.0,4763.8,0.0,0.0
2021-08-09,133.0,51915.0,70.0,31522.6,68.0,1625.9,0.0,0.0
2021-08-10,121.0,50649.0,114.0,59626.3,55.0,3516.3,0.0,0.0
2021-08-11,160.0,62806.0,80.0,35191.8,68.0,3874.0,2.0,140.0
2021-08-12,119.0,46120.0,92.0,37415.1,65.0,2662.1,1.0,50.0
2021-08-13,162.0,69595.0,103.0,56370.5,68.0,3492.7,2.0,473.0
2021-08-14,133.0,57840.0,86.0,42035.4,75.0,2872.1,1.0,275.0
2021-08-15,102.0,42919.0,95.0,42901.0,45.0,1990.7,0.0,0.0
2021-08-16,138.0,55571.0,69.0,33932.0,67.0,2611.4,3.0,247.2
2021-08-17,120.0,50548.0,117.0,43979.5,64.0,4257.6,1.0,70.0
2021-08-18,109.0,43531.0,93.0,42894.7,52.0,4688.3,0.0,0.0
2021-08-19,139.0,52620.0,140.0,63837.8,50.0,2130.5,1.0,201.0
2021-08-20,148.0,60412.0,118.0,54306.2,63.0,1306.4,3.0,365.0
2021-08-21,110.0,52690.0,76.0,36023.1,74.0,6464.0,1.0,418.2
2021-08-22,105.0,43493.0,89.0,37303.9,63.0,2565.7,0.0,0.0
2021-08-23,119.0,48582.0,110.0,41618.7,73.0,2510.9,1.0,130.0
2021-08-24,129.0,51602.0,91.0,39953.1,66.0,3261.6,0.0,0.0
2021-08-25,123.0,53798.0,95.0,40368.6,56.0,2976.7,0.0,0.0
2021-08-26,117.0,56819.0,80.0,43122.4,50.0,2122.2,0.0,0.0
2021-08-27,128.0,45870.0,133.0,52179.3,54.0,1894.1,0.0,0.0
2021-08-28,134.0,53579.0,75.0,39924.3,69.0,2306.5,2.0,140.0
2021-08-29,116.0,45047.0,66.0,30840.2,55.0,2613.9,0.0,0.0
2021-08-30,102.0,42022.0,58.0,28428.2,54.0,2806.7,1.0,50.0
2021-08-31,127.0,52810.0,83.0,30524.3,56.0,3183.1,0.0,0.0
2021-09-01,109.0,49526.0,67.0,28792.2,58.0,4174.8,0.0,0.0
2021-09-02,122.0,50597.0,82.0,34655.6,53.0,1978.1,0.0,0.0
2021-09-03,116.0,56831.0,94.0,43126.4,70.0,2654.7,0.0,0.0
2021-09-04,125.0,54626.0,68.0,25455.6,57.0,5232.2,1.0,765.6
2021-09-05,91.0,35066.0,81.0,28855.0,42.0,3100.0,0.0,0.0
2021-09-06,86.0,35562.0,65.0,27490.9,51.0,2598.9,0.0,0.0
2021-09-07,105.0,44295.0,62.0,25752.5,36.0,3780.4,0.0,0.0
2021-09-08,136.0,49334.0,86.0,28831.7,49.0,3456.8,1.0,7.0
2021-09-09,113.0,48222.0,58.0,25367.9,57.0,2500.8,0.0,0.0
2021-09-10,122.0,50384.0,85.0,33635.7,59.0,2288.6,0.0,0.0
2021-09-11,121.0,53131.0,86.0,39240.2,43.0,1533.3,0.0,0.0
2021-09-12,122.0,51825.0,80.0,29203.8,50.0,3434.2,0.0,0.0
2021-09-13,95.0,33459.0,98.0,39315.9,30.0,1672.6,0.0,0.0
2021-09-14,120.0,49732.0,90.0,33689.2,56.0,3127.5,0.0,0.0
2021-09-15,102.0,38192.0,71.0,26167.2,59.0,3045.2,0.0,0.0
2021-09-16,115.0,47093.0,115.0,44591.0,54.0,4058.6,0.0,0.0
2021-09-17,123.0,48712.0,113.0,44863.9,49.0,1836.6,0.0,0.0
2021-09-18,117.0,49282.0,100.0,42814.2,60.0,1945.6,0.0,0.0
2021-09-19,112.0,51347.0,91.0,40932.4,58.0,2158.2,0.0,0.0
2021-09-20,120.0,48515.0,78.0,35345.9,41.0,1651.6,2.0,200.0
2021-09-21,129.0,51971.0,90.0,35464.2,61.0,2443.2,0.0,0.0
2021-09-22,93.0,36061.0,72.0,30270.3,45.0,2394.9,0.0,0.0
2021-09-23,105.0,46192.0,35.0,13538.7,53.0,1439.4,0.0,0.0
2021-09-24,99.0,44197.0,77.0,30231.2,55.0,2465.9,0.0,0.0
2021-09-25,77.0,30979.0,61.0,27049.6,42.0,2089.4,0.0,0.0
2021-09-26,92.0,41633.0,50.0,21069.0,48.0,2981.2,2.0,876.8
2021-09-27,86.0,38190.0,40.0,15471.0,39.0,2351.3,0.0,0.0
2021-09-28,95.0,37526.0,54.0,22493.9,56.0,2625.7,0.0,0.0
2021-09-29,90.0,28027.0,62.0,27136.4,39.0,2521.6,0.0,0.0
2021-09-30,88.0,39652.0,52.0,24426.7,41.0,2649.9,0.0,0.0
2021-10-01,96.0,36339.0,68.0,26646.6,55.0,2207.1,0.0,0.0
2021-10-02,81.0,34807.0,48.0,18827.3,36.0,1355.7,0.0,0.0
2021-10-03,60.0,22452.0,41.0,16968.7,29.0,2403.0,1.0,50.0
2021-10-04,79.0,35825.0,18.0,7427.0,45.0,1869.3,0.0,0.0
2021-10-05,84.0,33089.0,43.0,18501.1,41.0,1623.3,0.0,0.0
2021-10-06,84.0,33870.0,46.0,13949.9,43.0,2340.6,0.0,0.0
2021-10-07,77.0,34298.0,44.0,16851.4,45.0,1618.5,0.0,0.0
2021-10-08,70.0,29185.0,57.0,20893.3,32.0,2628.6,0.0,0.0
2021-10-09,91.0,39848.0,37.0,12541.6,54.0,2293.6,0.0,0.0
2021-10-10,68.0,28533.0,39.0,14645.8,31.0,1364.5,0.0,0.0
2021-10-11,78.0,28760.0,39.0,16608.3,48.0,1476.9,0.0,0.0
2021-10-12,73.0,31363.0,39.0,15112.0,39.0,1948.9,1.0,656.4
2021-10-13,93.0,38054.0,27.0,10346.2,54.0,3343.4,0.0,0.0
2021-10-14,80.0,34236.0,52.0,18783.2,43.0,2113.7,0.0,0.0
2021-10-15,82.0,31326.0,42.0,17333.0,35.0,1498.0,1.0,80.0
2021-10-16,65.0,30585.0,37.0,17150.1,39.0,1614.5,0.0,0.0
2021-10-17,57.0,24125.0,34.0,17337.5,31.0,1579.2,0.0,0.0
2021-10-18,73.0,23867.0,42.0,16303.1,32.0,2035.9,0.0,0.0
2021-10-19,62.0,27059.0,48.0,19728.8,39.0,2444.6,0.0,0.0
2021-10-20,61.0,31479.0,46.0,20827.2,26.0,2150.0,0.0,0.0
2021-10-21,70.0,30261.0,52.0,17706.6,34.0,1770.7,0.0,0.0
2021-10-22,67.0,30666.0,39.0,13321.7,31.0,1873.4,0.0,0.0
2021-10-23,78.0,28840.0,43.0,12763.8,26.0,1129.8,0.0,0.0
2021-10-24,70.0,26533.0,27.0,11391.0,32.0,2620.5,0.0,0.0
2021-10-25,62.0,23472.0,34.0,12925.4,35.0,2084.9,0.0,0.0
2021-10-26,74.0,27224.0,36.0,12629.6,27.0,2403.7,0.0,0.0
2021-10-27,82.0,27428.0,44.0,17590.2,26.0,1627.6,0.0,0.0
2021-10-28,88.0,32990.0,39.0,17648.7,19.0,1197.8,1.0,137.0
2021-10-29,76.0,28377.0,37.0,19024.0,33.0,1942.2,0.0,0.0
2021-10-30,80.0,26010.0,31.0,9549.8,33.0,1890.6,0.0,0.0
2021-10-31,42.0,20159.0,41.0,13523.7,25.0,1668.7,0.0,0.0
2021-11-01,70.0,27971.0,20.0,7541.4,27.0,1581.1,0.0,0.0
2021-11-02,80.0,29814.0,30.0,12928.2,31.0,790.9,0.0,0.0
2021-11-03,68.0,23488.0,29.0,11603.5,28.0,1334.3,0.0,0.0
2021-11-04,52.0,22711.0,39.0,16593.6,26.0,1450.7,0.0,0.0
2021-11-05,59.0,27863.0,43.0,16955.0,40.0,2469.1,0.0,0.0
2021-11-06,66.0,27849.0,33.0,14723.1,31.0,1525.1,0.0,0.0
2021-11-07,46.0,19929.0,30.0,11847.2,29.0,2128.4,0.0,0.0
2021-11-08,42.0,18463.0,30.0,14102.6,21.0,1712.4,0.0,0.0
2021-11-09,68.0,27968.0,23.0,10856.8,39.0,2801.0,0.0,0.0
2021-11-10,78.0,29976.0,27.0,8971.7,37.0,2458.5,0.0,0.0
2021-11-11,74.0,28457.0,38.0,12133.8,38.0,1755.8,0.0,0.0
2021-11-12,74.0,33055.0,37.0,12613.1,30.0,2951.9,0.0,0.0
2021-11-13,65.0,24353.0,35.0,13109.6,28.0,1982.3,1.0,50.0
2021-11-14,63.0,22104.0,30.0,11776.8,23.0,2424.3,0.0,0.0
2021-11-15,68.0,28075.0,43.0,17793.7,39.0,3042.6,0.0,0.0
2021-11-16,76.0,28638.0,56.0,16967.8,36.0,1730.5,1.0,868.2
2021-11-17,64.0,22050.0,26.0,9859.7,31.0,1505.6,0.0,0.0
2021-11-18,42.0,17052.0,19.0,7941.0,20.0,1142.7,0.0,0.0
2021-11-19,64.0,28610.0,27.0,11131.1,32.0,3241.9,0.0,0.0
2021-11-20,59.0,23945.0,29.0,9966.9,39.0,1772.5,0.0,0.0
2021-11-21,49.0,20016.0,29.0,14710.9,23.0,1466.8,0.0,0.0
2021-11-22,70.0,26641.0,33.0,12454.2,32.0,898.7,1.0,50.0
2021-11-23,69.0,30073.0,40.0,14752.6,36.0,1982.3,0.0,0.0
2021-11-24,53.0,23386.0,42.0,16001.4,32.0,2222.3,0.0,0.0
2021-11-25,95.0,33236.0,34.0,13301.2,39.0,2241.9,0.0,0.0
2021-11-26,82.0,33228.0,44.0,18076.3,31.0,1222.2,0.0,0.0
2021-11-27,69.0,32585.0,33.0,12943.8,37.0,1853.3,0.0,0.0
2021-11-28,66.0,20903.0,21.0,9775.4,26.0,1697.3,0.0,0.0
2021-11-29,73.0,29924.0,36.0,12778.9,40.0,3391.8,0.0,0.0
2021-11-30,76.0,34112.0,40.0,16220.0,36.0,2756.4,0.0,0.0
2021-12-01,67.0,30430.0,41.0,15643.2,41.0,2550.5,0.0,0.0
2021-12-02,70.0,24473.0,22.0,8169.3,42.0,5094.8,0.0,0.0
2021-12-03,54.0,19305.0,30.0,12751.5,36.0,2766.7,0.0,0.0
2021-12-04,56.0,25846.0,34.0,11303.8,24.0,1904.2,0.0,0.0
2021-12-05,58.0,21548.0,33.0,10850.2,44.0,4069.6,0.0,0.0
2021-12-06,72.0,23354.0,62.0,20745.7,35.0,3256.3,0.0,0.0
2021-12-07,68.0,23889.0,46.0,17309.2,38.0,3113.3,0.0,0.0
2021-12-08,76.0,31079.0,58.0,24839.6,42.0,5259.9,0.0,0.0
2021-12-09,68.0,23296.0,26.0,15169.6,39.0,2470.1,0.0,0.0
2021-12-10,88.0,30969.0,67.0,24178.7,34.0,3504.3,0.0,0.0
2021-12-11,77.0,30499.0,45.0,17250.7,47.0,3679.5,0.0,0.0
2021-12-12,73.0,32654.0,45.0,16682.5,40.0,2656.7,0.0,0.0
2021-12-13,74.0,31089.0,54.0,20739.1,36.0,1996.8,0.0,0.0
2021-12-14,85.0,29693.0,51.0,21199.4,35.0,2893.0,0.0,0.0
2021-12-15,87.0,31520.0,62.0,23631.1,42.0,2162.0,0.0,0.0
2021-12-16,83.0,37982.0,37.0,15046.6,43.0,2048.0,0.0,0.0
2021-12-17,92.0,34838.0,32.0,13452.2,37.0,3267.4,0.0,0.0
2021-12-18,90.0,33606.0,39.0,16325.1,50.0,2033.1,2.0,874.0
2021-12-19,65.0,28754.0,41.0,17714.2,29.0,1550.8,0.0,0.0
2021-12-20,81.0,37901.0,29.0,9039.3,34.0,3086.5,0.0,0.0
2021-12-21,80.0,30425.0,33.0,11569.1,45.0,2070.8,0.0,0.0
2021-12-22,69.0,31016.0,64.0,21964.6,35.0,2270.6,0.0,0.0
2021-12-23,64.0,29091.0,57.0,23617.7,30.0,2351.7,0.0,0.0
2021-12-24,102.0,43196.0,43.0,19080.1,54.0,1959.1,0.0,0.0
2021-12-25,89.0,34423.0,39.0,17647.8,38.0,4656.2,1.0,200.0
2021-12-26,67.0,24285.0,31.0,10284.6,39.0,3353.9,0.0,0.0
2021-12-27,54.0,17298.0,48.0,20319.4,34.0,3150.7,0.0,0.0
2021-12-28,83.0,35046.0,30.0,11542.2,27.0,1110.2,1.0,40.0
2021-12-29,27.0,12318.0,10.0,4910.8,9.0,522.6,0.0,0.0
2022-01-03,42.0,18209.0,21.0,11318.0,28.0,1357.9,0.0,0.0
2022-01-04,37.0,16369.0,45.0,17207.6,20.0,1084.5,0.0,0.0
2022-01-05,71.0,31057.0,53.0,24107.9,21.0,358.6,0.0,0.0
2022-01-06,63.0,32008.0,37.0,16465.4,30.0,1171.4,0.0,0.0
2022-01-07,39.0,16206.0,45.0,22206.4,19.0,1369.4,0.0,0.0
2022-01-08,85.0,32280.0,39.0,16411.4,31.0,2222.2,0.0,0.0
2022-01-09,59.0,20905.0,34.0,11832.0,29.0,1253.2,0.0,0.0
2022-01-10,59.0,18550.0,24.0,13932.0,23.0,2914.8,0.0,0.0
2022-01-11,48.0,16602.0,37.0,13156.6,18.0,1306.6,0.0,0.0
2022-01-12,56.0,22779.0,41.0,14768.8,28.0,1735.1,2.0,220.0
2022-01-13,51.0,21681.0,22.0,7520.7,28.0,1770.3,0.0,0.0
2022-01-14,62.0,25849.0,40.0,13259.6,32.0,1460.3,0.0,0.0
2022-01-15,83.0,28402.0,38.0,20598.1,32.0,2346.7,0.0,0.0
2022-01-16,57.0,22064.0,41.0,15522.6,35.0,1585.7,0.0,0.0
2022-01-17,73.0,27462.0,31.0,12118.0,35.0,2244.55,0.0,0.0
2022-01-18,54.0,19813.0,30.0,11164.35,37.0,2632.35,0.0,0.0
2022-01-19,70.0,28153.0,56.0,19057.4,32.0,2245.6,0.0,0.0
2022-01-20,90.0,31521.0,42.0,12892.7,50.0,4527.2,0.0,0.0
2022-01-21,69.0,27432.0,35.0,11253.7,32.0,2251.6,0.0,0.0
2022-01-22,65.0,24799.0,42.0,15561.8,34.0,1421.2,1.0,973.3
2022-01-23,40.0,18280.0,27.0,10781.6,17.0,1424.0,0.0,0.0
2022-01-24,35.0,15908.0,25.0,9606.35,20.0,1571.0,0.0,0.0
2022-01-25,53.0,17804.0,29.0,9878.1,22.0,2396.45,0.0,0.0
2022-01-26,62.0,21762.0,42.0,16952.9,35.0,2436.95,0.0,0.0
2022-01-27,70.0,18486.0,64.0,20520.8,31.0,2308.3,0.0,0.0
2022-01-28,71.0,27258.0,51.0,22112.2,43.0,1631.0,1.0,50.0
2022-01-29,74.0,25909.0,49.0,18382.35,33.0,2033.8,0.0,0.0
2022-01-30,65.0,26834.0,42.0,14207.5,32.0,3572.8,0.0,0.0
2022-01-31,60.0,24421.0,47.0,16632.9,35.0,1640.55,0.0,0.0
2022-02-01,78.0,26560.0,37.0,12645.5,31.0,2639.7,0.0,0.0
2022-02-02,75.0,28376.0,31.0,12242.3,37.0,1999.0,0.0,0.0
2022-02-03,93.0,41609.0,43.0,17990.7,27.0,1732.5,0.0,0.0
2022-02-04,77.0,26726.0,51.0,20109.6,35.0,1632.55,0.0,0.0
2022-02-05,91.0,32367.0,60.0,20900.35,46.0,3351.95,0.0,0.0
2022-02-06,59.0,26138.0,45.0,16358.0,31.0,1957.4,0.0,0.0
2022-02-07,68.0,24538.0,46.0,17765.7,37.0,1607.25,0.0,0.0
2022-02-08,74.0,26821.0,45.0,16910.9,36.0,1524.5,0.0,0.0
2022-02-09,99.0,35062.0,38.0,15472.7,31.0,2900.8,0.0,0.0
2022-02-10,78.0,31295.0,71.0,23829.9,33.0,2678.35,0.0,0.0
2022-02-11,86.0,32236.0,56.0,23303.4,39.0,1551.4,0.0,0.0
2022-02-12,66.0,23100.0,68.0,28118.85,30.0,1009.05,0.0,0.0
2022-02-13,62.0,25983.0,44.0,17245.7,33.0,1912.4,0.0,0.0
2022-02-14,66.0,26050.0,51.0,18130.85,23.0,1702.1,0.0,0.0
2022-02-15,68.0,25765.0,71.0,22760.4,31.0,2051.5,0.0,0.0
2022-02-16,75.0,27529.0,57.0,19180.7,31.0,1194.8,0.0,0.0
2022-02-17,96.0,35234.0,53.0,18851.9,40.0,1838.5,0.0,0.0
2022-02-18,64.0,26302.0,72.0,26625.2,26.0,1587.1,0.0,0.0
2022-02-19,66.0,27357.0,44.0,15853.5,33.0,1848.2,0.0,0.0
2022-02-20,70.0,26512.0,33.0,14508.4,37.0,1802.8,0.0,0.0
2022-02-21,66.0,19709.0,40.0,14741.9,26.0,1158.55,0.0,0.0
2022-02-22,91.0,35532.0,49.0,16651.75,43.0,1603.75,0.0,0.0
2022-02-23,56.0,26868.0,26.0,10955.15,29.0,1603.3,0.0,0.0
2022-02-24,64.0,23235.0,50.0,17354.8,27.0,646.4,0.0,0.0
2022-02-25,94.0,29255.0,58.0,21495.8,33.0,2335.0,0.0,0.0
2022-02-26,69.0,26095.0,49.0,17544.1,35.0,2396.0,0.0,0.0
2022-02-27,47.0,17221.0,43.0,14725.1,24.0,2145.8,0.0,0.0
2022-02-28,79.0,23788.0,42.0,17679.8,33.0,1726.6,0.0,0.0
2022-03-01,63.0,25581.0,46.0,15397.8,28.0,1492.4,0.0,0.0
2022-03-02,49.0,21830.0,42.0,15875.0,32.0,1525.1,0.0,0.0
